month,completed_swaps,revenue,failure_rate,contribution_margin_per_swap
2024-01,105490,6318995.2,2.725921629753145,37.89955404853541
2024-02,106582,6387614.800000001,2.7140436291255345,38.030102280872946
2024-03,118444,7093617.0,2.689265536723164,38.17222014445645
2024-04,122836,7370255.800000001,4.381040525573138,38.40614207797388
2024-05,128328,7689594.0,8.039486457293647,38.58522488887849
2024-06,133743,8003275.6,6.65668153242706,38.804794735799256
2024-07,151824,9879524.6,2.6378806210929624,44.21708548147855
2024-08,164931,10724296.65,2.567689137815955,44.37589367026211
2024-09,187302,12115209.5,2.7112846823391274,44.2305131917972
2024-10,219838,14577271.65,2.6741945446083317,46.091235449922216
2024-11,228253,14759655.55,2.572246089816742,44.75290888224909
2024-12,252621,16343646.55,2.6832913931091897,45.06787704822639
2025-01,269843,17451452.3,2.616001730760364,45.39978173967826
2025-02,256672,16607262.5,2.589039001525158,45.838871682458546
2025-03,290872,18826219.2,2.6748815602160683,46.34151157227234
2025-04,293089,19004534.4,4.024037462641243,46.833118220745234
2025-05,307882,20006538.25,6.483716819856437,47.42197027455324
2025-06,307259,19967092.0,5.55183528424361,47.95771143022662
